<?xml version="1.0" encoding="UTF-8"?>
<project-private xmlns="http://www.netbeans.org/ns/project-private/1">
    <editor-bookmarks xmlns="http://www.netbeans.org/ns/editor-bookmarks/2" lastBookmarkId="0"/>
    <open-files xmlns="http://www.netbeans.org/ns/projectui-open-files/2">
        <group>
            <file>file:/C:/Users/marqu/OneDrive/Documentos/NetBeansProjects/Digimon_bbdd/JavaApplication80/src/Digimon_bbdd/Estar_Equipo.java</file>
            <file>file:/C:/Users/marqu/OneDrive/Documentos/NetBeansProjects/Digimon_bbdd/JavaApplication80/src/Digimon_bbdd/Digimon.java</file>
            <file>file:/C:/Users/marqu/OneDrive/Documentos/NetBeansProjects/Digimon_bbdd/JavaApplication80/src/Digimon_bbdd/Usuario.java</file>
            <file>file:/C:/Users/marqu/OneDrive/Documentos/NetBeansProjects/Digimon_bbdd/JavaApplication80/src/Digimon_bbdd/SetDigimon.java</file>
        </group>
    </open-files>
</project-private>
